"Date Heure, GMT+01:00","Temp., 째C (LGR S/N: 10117161, SEN S/N: 10117161, LBL: Temperature)","Temp., 째C (LGR S/N: 10117161, SEN S/N: 10117161, LBL: Temperature).1","Temp., 째C (LGR S/N: 10117161, SEN S/N: 10117161, LBL: Temperature).2","Temp., 째C (LGR S/N: 10117161, SEN S/N: 10117161, LBL: Temperature).3"
2015/08/12 13:00:00,8.742,-94.792,9.262,10.173
2015/08/12 13:15:00,8.668,-94.792,9.213,10.1
2015/08/12 13:30:00,8.668,-94.792,9.213,10.051
2015/08/12 13:45:00,8.668,-94.792,9.188,10.051
2015/08/12 14:00:00,8.693,-94.792,9.188,10.026
2015/08/12 14:15:00,8.693,-94.792,9.163,10.026
2015/08/12 14:30:00,8.717,-94.792,9.163,10.026
2015/08/12 14:45:00,8.767000000000001,-94.792,9.139,10.001
2015/08/12 15:00:00,8.767000000000001,-94.792,9.163,10.001
2015/08/12 15:15:00,8.817,-94.792,9.163,10.001
2015/08/12 15:30:00,8.817,-94.792,9.163,10.001
2015/08/12 15:45:00,8.841000000000003,-94.792,9.163,10.001
2015/08/12 16:00:00,8.866,-94.792,9.139,10.001
2015/08/12 16:15:00,8.891,-94.792,9.139,9.977
2015/08/12 16:30:00,8.916,-94.792,9.139,9.977
2015/08/12 16:45:00,8.941,-94.792,9.139,9.977
2015/08/12 17:00:00,8.941,-94.792,9.139,9.977
2015/08/12 17:15:00,8.965,-94.792,9.139,9.977
2015/08/12 17:30:00,8.99,-94.792,9.139,9.977
2015/08/12 17:45:00,8.99,-94.792,9.139,9.977
2015/08/12 18:00:00,9.015,-94.792,9.139,9.952
2015/08/12 18:15:00,9.04,-94.792,9.114,9.977
2015/08/12 18:30:00,9.064,-94.792,9.089,9.977
2015/08/12 18:45:00,9.089,-94.792,9.089,9.977
2015/08/12 19:00:00,9.114,-94.792,9.089,9.977
2015/08/12 19:15:00,9.139,-94.792,9.089,9.977
2015/08/12 19:30:00,9.188,-94.792,9.064,9.977
2015/08/12 19:45:00,9.213,-94.792,9.089,10.001
2015/08/12 20:00:00,9.238,-94.792,9.089,10.001
2015/08/12 20:15:00,9.262,-94.792,9.089,10.026
2015/08/12 20:30:00,9.287,-94.792,9.089,10.026
2015/08/12 20:45:00,9.287,-94.792,9.089,10.051
2015/08/12 21:00:00,9.312,-94.792,9.089,10.051
2015/08/12 21:15:00,9.336,-94.792,9.089,10.051
2015/08/12 21:30:00,9.336,-94.792,9.089,10.051
2015/08/12 21:45:00,9.361,-94.792,9.089,10.051
2015/08/12 22:00:00,9.386,-94.792,9.114,10.051
2015/08/12 22:15:00,9.41,-94.792,9.114,10.051
2015/08/12 22:30:00,9.41,-94.792,9.114,10.051
2015/08/12 22:45:00,9.435,-94.792,9.114,10.051
2015/08/12 23:00:00,9.435,-94.792,9.114,10.051
2015/08/12 23:15:00,9.46,-94.792,9.139,10.051
2015/08/12 23:30:00,9.485,-94.792,9.163,10.051
2015/08/12 23:45:00,9.485,-94.792,9.163,10.051
2015/09/12 00:00:00,9.509,-94.792,9.139,10.051
2015/09/12 00:15:00,9.509,-94.792,9.139,10.051
2015/09/12 00:30:00,9.509,-94.792,9.163,10.051
2015/09/12 00:45:00,9.509,-94.792,9.163,10.051
2015/09/12 01:00:00,9.509,-94.792,9.163,10.051
2015/09/12 01:15:00,9.509,-94.792,9.188,10.051
2015/09/12 01:30:00,9.509,-94.792,9.188,10.051
2015/09/12 01:45:00,9.509,-94.792,9.188,10.051
2015/09/12 02:00:00,9.509,-94.792,9.163,10.051
2015/09/12 02:15:00,9.509,-94.792,9.163,10.051
2015/09/12 02:30:00,9.485,-94.792,9.188,10.051
2015/09/12 02:45:00,9.485,-94.792,9.188,10.051
2015/09/12 03:00:00,9.485,-94.792,9.213,10.051
2015/09/12 03:15:00,9.46,-94.792,9.213,10.051
2015/09/12 03:30:00,9.435,-94.792,9.213,10.051
2015/09/12 03:45:00,9.41,-94.792,9.213,10.051
2015/09/12 04:00:00,9.386,-94.792,9.238,10.051
2015/09/12 04:15:00,9.361,-94.792,9.238,10.051
2015/09/12 04:30:00,9.336,-94.792,9.238,10.051
2015/09/12 04:45:00,9.312,-94.792,9.238,10.051
2015/09/12 05:00:00,9.287,-94.792,9.238,10.051
2015/09/12 05:15:00,9.262,-94.792,9.238,10.051
2015/09/12 05:30:00,9.213,-94.792,9.262,10.051
2015/09/12 05:45:00,9.188,-94.792,9.262,10.051
2015/09/12 06:00:00,9.163,-94.792,9.262,10.051
2015/09/12 06:15:00,9.139,-94.792,9.262,10.051
2015/09/12 06:30:00,9.089,-94.792,9.262,10.051
2015/09/12 06:45:00,9.064,-94.792,9.262,10.051
2015/09/12 07:00:00,9.04,-94.792,9.262,10.051
2015/09/12 07:15:00,8.99,-94.792,9.262,10.051
2015/09/12 07:30:00,8.965,-94.792,9.262,10.051
2015/09/12 07:45:00,8.941,-94.792,9.287,10.051
2015/09/12 08:00:00,8.891,-94.792,9.262,10.051
2015/09/12 08:15:00,8.866,-94.792,9.262,10.051
2015/09/12 08:30:00,8.841000000000003,-94.792,9.287,10.051
2015/09/12 08:45:00,8.792,-94.792,9.287,10.051
2015/09/12 09:00:00,8.767000000000001,-94.792,9.287,10.051
2015/09/12 09:15:00,8.717,-94.792,9.287,10.051
2015/09/12 09:30:00,8.693,-94.792,9.287,10.051
2015/09/12 09:45:00,8.668,-94.792,9.287,10.051
2015/09/12 10:00:00,8.642999999999999,-94.792,9.287,10.051
2015/09/12 10:15:00,8.618,-94.792,9.287,10.051
2015/09/12 10:30:00,8.593,-94.792,9.262,10.075
2015/09/12 10:45:00,8.568,-94.792,9.262,10.075
2015/09/12 11:00:00,8.543,-94.792,9.262,10.051
2015/09/12 11:15:00,8.519,-94.792,9.262,10.075
2015/09/12 11:30:00,8.494,-94.792,9.262,10.075
2015/09/12 11:45:00,8.494,-94.792,9.262,10.075
2015/09/12 12:00:00,8.469,-94.792,9.262,10.075
2015/09/12 12:15:00,8.469,-94.792,9.262,10.075
2015/09/12 12:30:00,8.469,-94.792,9.262,10.075
2015/09/12 12:45:00,8.469,-94.792,9.262,10.075
2015/09/12 13:00:00,8.469,-94.792,9.238,10.075
2015/09/12 13:15:00,8.469,-94.792,9.238,10.075
2015/09/12 13:30:00,8.494,-94.792,9.238,10.075
2015/09/12 13:45:00,8.494,-94.792,9.238,10.1
2015/09/12 14:00:00,8.519,-94.792,9.238,10.1
2015/09/12 14:15:00,8.543,-94.792,9.238,10.1
2015/09/12 14:30:00,8.543,-94.792,9.213,10.1
2015/09/12 14:45:00,8.568,-94.792,9.213,10.1
2015/09/12 15:00:00,8.568,-94.792,9.213,10.1
2015/09/12 15:15:00,8.593,-94.792,9.213,10.1
2015/09/12 15:30:00,8.618,-94.792,9.188,10.1
2015/09/12 15:45:00,8.642999999999999,-94.792,9.188,10.1
2015/09/12 16:00:00,8.642999999999999,-94.792,9.188,10.1
2015/09/12 16:15:00,8.668,-94.792,9.188,10.1
2015/09/12 16:30:00,8.693,-94.792,9.188,10.1
2015/09/12 16:45:00,8.693,-94.792,9.188,10.075
2015/09/12 17:00:00,8.717,-94.792,9.188,10.075
2015/09/12 17:15:00,8.717,-94.792,9.163,10.075
2015/09/12 17:30:00,8.717,-94.792,9.163,10.075
2015/09/12 17:45:00,8.717,-94.792,9.163,10.075
2015/09/12 18:00:00,8.717,-94.792,9.163,10.075
2015/09/12 18:15:00,8.742,-94.792,9.163,10.075
2015/09/12 18:30:00,8.742,-94.792,9.163,10.051
2015/09/12 18:45:00,8.742,-94.792,9.163,10.051
2015/09/12 19:00:00,8.742,-94.792,9.163,10.051
2015/09/12 19:15:00,8.742,-94.792,9.163,10.051
2015/09/12 19:30:00,8.742,-94.792,9.139,10.051
2015/09/12 19:45:00,8.742,-94.792,9.139,10.051
2015/09/12 20:00:00,8.742,-94.792,9.139,10.051
2015/09/12 20:15:00,8.742,-94.792,9.139,10.051
2015/09/12 20:30:00,8.742,-94.792,9.139,10.026
2015/09/12 20:45:00,8.742,-94.792,9.139,10.026
2015/09/12 21:00:00,8.717,-94.792,9.139,10.026
2015/09/12 21:15:00,8.717,-94.792,9.139,10.026
2015/09/12 21:30:00,8.717,-94.792,9.139,10.026
2015/09/12 21:45:00,8.717,-94.792,9.139,10.026
2015/09/12 22:00:00,8.693,-94.792,9.139,10.026
2015/09/12 22:15:00,8.693,-94.792,9.139,10.026
2015/09/12 22:30:00,8.693,-94.792,9.139,10.026
2015/09/12 22:45:00,8.693,-94.792,9.139,10.026
2015/09/12 23:00:00,8.668,-94.792,9.139,10.026
2015/09/12 23:15:00,8.668,-94.792,9.139,10.026
2015/09/12 23:30:00,8.668,-94.792,9.139,10.001
2015/09/12 23:45:00,8.668,-94.792,9.139,10.001
2015/10/12 00:00:00,8.642999999999999,-94.792,9.139,10.001
2015/10/12 00:15:00,8.642999999999999,-94.792,9.114,10.001
2015/10/12 00:30:00,8.642999999999999,-94.792,9.114,10.001
2015/10/12 00:45:00,8.642999999999999,-94.792,9.114,10.001
2015/10/12 01:00:00,8.642999999999999,-94.792,9.139,10.001
2015/10/12 01:15:00,8.618,-94.792,9.114,10.001
2015/10/12 01:30:00,8.618,-94.792,9.114,10.001
2015/10/12 01:45:00,8.618,-94.792,9.114,10.001
2015/10/12 02:00:00,8.593,-94.792,9.114,10.001
2015/10/12 02:15:00,8.593,-94.792,9.114,10.001
2015/10/12 02:30:00,8.593,-94.792,9.114,10.001
2015/10/12 02:45:00,8.568,-94.792,9.114,9.977
2015/10/12 03:00:00,8.543,-94.792,9.114,9.977
2015/10/12 03:15:00,8.543,-94.792,9.114,9.977
2015/10/12 03:30:00,8.543,-94.792,9.114,9.977
2015/10/12 03:45:00,8.519,-94.792,9.114,9.977
2015/10/12 04:00:00,8.519,-94.792,9.114,9.977
2015/10/12 04:15:00,8.519,-94.792,9.114,9.977
2015/10/12 04:30:00,8.494,-94.792,9.114,9.977
2015/10/12 04:45:00,8.494,-94.792,9.114,9.977
2015/10/12 05:00:00,8.469,-94.792,9.089,9.977
2015/10/12 05:15:00,8.469,-94.792,9.089,9.977
2015/10/12 05:30:00,8.443999999999999,-94.792,9.089,9.977
2015/10/12 05:45:00,8.419,-94.792,9.089,9.977
2015/10/12 06:00:00,8.419,-94.792,9.089,9.977
2015/10/12 06:15:00,8.419,-94.792,9.089,9.977
2015/10/12 06:30:00,8.394,-94.792,9.089,9.977
2015/10/12 06:45:00,8.394,-94.792,9.089,9.977
2015/10/12 07:00:00,8.369,-94.792,9.089,9.952
2015/10/12 07:15:00,8.369,-94.792,9.064,9.952
2015/10/12 07:30:00,8.344,-94.792,9.064,9.952
2015/10/12 07:45:00,8.344,-94.792,9.064,9.952
2015/10/12 08:00:00,8.318999999999999,-94.792,9.064,9.952
2015/10/12 08:15:00,8.318999999999999,-94.792,9.064,9.952
2015/10/12 08:30:00,8.295,-94.792,9.064,9.952
2015/10/12 08:45:00,8.295,-94.792,9.064,9.952
2015/10/12 09:00:00,8.27,-94.792,9.064,9.952
2015/10/12 09:15:00,8.27,-94.792,9.04,9.952
2015/10/12 09:30:00,8.245,-94.792,9.04,9.952
2015/10/12 09:45:00,8.245,-94.792,9.04,9.952
2015/10/12 10:00:00,8.22,-94.792,9.04,9.928
2015/10/12 10:15:00,8.22,-94.792,9.04,9.952
2015/10/12 10:30:00,8.22,-94.792,9.04,9.952
2015/10/12 10:45:00,8.22,-94.792,9.04,9.952
2015/10/12 11:00:00,8.195,-94.792,9.04,9.952
2015/10/12 11:15:00,8.195,-94.792,9.04,9.928
2015/10/12 11:30:00,8.195,-94.792,9.015,9.928
2015/10/12 11:45:00,8.195,-94.792,9.015,9.928
2015/10/12 12:00:00,8.17,-94.792,9.015,9.928
2015/10/12 12:15:00,8.17,-94.792,9.015,9.928
2015/10/12 12:30:00,8.17,-94.792,9.015,9.928
2015/10/12 12:45:00,8.17,-94.792,8.99,9.928
2015/10/12 13:00:00,8.17,-94.792,8.99,9.928
2015/10/12 13:15:00,8.17,-94.792,9.015,9.928
2015/10/12 13:30:00,8.17,-94.792,8.99,9.928
2015/10/12 13:45:00,8.17,-94.792,8.99,9.928
2015/10/12 14:00:00,8.17,-94.792,8.99,9.928
2015/10/12 14:15:00,8.17,-94.792,8.99,9.928
2015/10/12 14:30:00,8.195,-94.792,8.99,9.928
2015/10/12 14:45:00,8.195,-94.792,8.965,9.928
2015/10/12 15:00:00,8.195,-94.792,8.965,9.928
2015/10/12 15:15:00,8.195,-94.792,8.965,9.903
2015/10/12 15:30:00,8.195,-94.792,8.965,9.903
2015/10/12 15:45:00,8.195,-94.792,8.965,9.903
2015/10/12 16:00:00,8.195,-94.792,8.965,9.903
2015/10/12 16:15:00,8.195,-94.792,8.965,9.903
2015/10/12 16:30:00,8.22,-94.792,8.965,9.903
2015/10/12 16:45:00,8.22,-94.792,8.941,9.903
2015/10/12 17:00:00,8.22,-94.792,8.941,9.903
2015/10/12 17:15:00,8.22,-94.792,8.941,9.879
2015/10/12 17:30:00,8.22,-94.792,8.941,9.879
2015/10/12 17:45:00,8.22,-94.792,8.941,9.879
2015/10/12 18:00:00,8.22,-94.792,8.941,9.879
2015/10/12 18:15:00,8.22,-94.792,8.941,9.879
2015/10/12 18:30:00,8.22,-94.792,8.916,9.879
2015/10/12 18:45:00,8.22,-94.792,8.916,9.879
2015/10/12 19:00:00,8.22,-94.792,8.916,9.879
2015/10/12 19:15:00,8.22,-94.792,8.916,9.879
2015/10/12 19:30:00,8.22,-94.792,8.916,9.879
2015/10/12 19:45:00,8.22,-94.792,8.916,9.854
2015/10/12 20:00:00,8.22,-94.792,8.916,9.854
2015/10/12 20:15:00,8.195,-94.792,8.916,9.854
2015/10/12 20:30:00,8.195,-94.792,8.916,9.854
2015/10/12 20:45:00,8.195,-94.792,8.916,9.854
2015/10/12 21:00:00,8.195,-94.792,8.891,9.829
2015/10/12 21:15:00,8.17,-94.792,8.891,9.829
2015/10/12 21:30:00,8.17,-94.792,8.891,9.829
2015/10/12 21:45:00,8.145,-94.792,8.891,9.829
2015/10/12 22:00:00,8.145,-94.792,8.891,9.829
2015/10/12 22:15:00,8.145,-94.792,8.891,9.829
2015/10/12 22:30:00,8.12,-94.792,8.891,9.829
2015/10/12 22:45:00,8.12,-94.792,8.891,9.829
2015/10/12 23:00:00,8.095,-94.792,8.866,9.829
2015/10/12 23:15:00,8.07,-94.792,8.891,9.829
2015/10/12 23:30:00,8.07,-94.792,8.866,9.829
2015/10/12 23:45:00,8.045,-94.792,8.891,9.829
2015/11/12 00:00:00,8.02,-94.792,8.866,9.805
2015/11/12 00:15:00,8.02,-94.792,8.866,9.805
2015/11/12 00:30:00,7.995,-94.792,8.866,9.805
2015/11/12 00:45:00,7.995,-94.792,8.866,9.805
2015/11/12 01:00:00,7.97,-94.792,8.866,9.805
2015/11/12 01:15:00,7.945,-94.792,8.866,9.805
2015/11/12 01:30:00,7.945,-94.792,8.866,9.805
2015/11/12 01:45:00,7.92,-94.792,8.841000000000003,9.805
2015/11/12 02:00:00,7.87,-94.792,8.841000000000003,9.805
2015/11/12 02:15:00,7.87,-94.792,8.841000000000003,9.805
2015/11/12 02:30:00,7.845,-94.792,8.841000000000003,9.805
2015/11/12 02:45:00,7.845,-94.792,8.841000000000003,9.805
2015/11/12 03:00:00,7.82,-94.792,8.841000000000003,9.805
2015/11/12 03:15:00,7.795,-94.792,8.841000000000003,9.805
2015/11/12 03:30:00,7.795,-94.792,8.841000000000003,9.78
2015/11/12 03:45:00,7.745,-94.792,8.817,9.78
2015/11/12 04:00:00,7.745,-94.792,8.817,9.78
2015/11/12 04:15:00,7.72,-94.792,8.817,9.78
2015/11/12 04:30:00,7.72,-94.792,8.817,9.78
2015/11/12 04:45:00,7.695,-94.792,8.817,9.78
2015/11/12 05:00:00,7.67,-94.792,8.817,9.756
2015/11/12 05:15:00,7.67,-94.792,8.817,9.78
2015/11/12 05:30:00,7.645,-94.792,8.792,9.756
2015/11/12 05:45:00,7.645,-94.792,8.792,9.756
2015/11/12 06:00:00,7.645,-94.792,8.792,9.756
2015/11/12 06:15:00,7.619,-94.792,8.792,9.756
2015/11/12 06:30:00,7.5939999999999985,-94.792,8.767000000000001,9.756
2015/11/12 06:45:00,7.5939999999999985,-94.792,8.767000000000001,9.731
2015/11/12 07:00:00,7.569,-94.792,8.767000000000001,9.731
2015/11/12 07:15:00,7.569,-94.792,8.767000000000001,9.731
2015/11/12 07:30:00,7.544,-94.792,8.767000000000001,9.731
2015/11/12 07:45:00,7.544,-94.792,8.742,9.731
2015/11/12 08:00:00,7.519,-94.792,8.742,9.731
2015/11/12 08:15:00,7.519,-94.792,8.742,9.731
2015/11/12 08:30:00,7.494,-94.792,8.742,9.731
2015/11/12 08:45:00,7.494,-94.792,8.742,9.731
2015/11/12 09:00:00,7.4689999999999985,-94.792,8.717,9.731
2015/11/12 09:15:00,7.444,-94.792,8.717,9.706
2015/11/12 09:30:00,7.444,-94.792,8.717,9.706
2015/11/12 09:45:00,7.419,-94.792,8.693,9.706
2015/11/12 10:00:00,7.419,-94.792,8.717,9.706
2015/11/12 10:15:00,7.419,-94.792,8.693,9.706
2015/11/12 10:30:00,7.419,-94.792,8.693,9.706
2015/11/12 10:45:00,7.419,-94.792,8.668,9.706
2015/11/12 11:00:00,7.419,-94.792,8.668,9.706
2015/11/12 11:15:00,7.419,-94.792,8.668,9.706
2015/11/12 11:30:00,7.419,-94.792,8.668,9.706
2015/11/12 11:45:00,7.419,-94.792,8.668,9.682
2015/11/12 12:00:00,7.419,-94.792,8.668,9.682
2015/11/12 12:15:00,7.444,-94.792,8.642999999999999,9.682
2015/11/12 12:30:00,7.444,-94.792,8.642999999999999,9.682
2015/11/12 12:45:00,7.4689999999999985,-94.792,8.593,9.682
2015/11/12 13:00:00,7.4689999999999985,-94.792,8.642999999999999,9.682
2015/11/12 13:15:00,7.494,-94.792,8.618,9.682
2015/11/12 13:30:00,7.519,-94.792,8.618,9.682
2015/11/12 13:45:00,7.544,-94.792,8.618,9.682
2015/11/12 14:00:00,7.544,-94.792,8.618,9.657
2015/11/12 14:15:00,7.569,-94.792,8.618,9.657
2015/11/12 14:30:00,7.5939999999999985,-94.792,8.618,9.657
2015/11/12 14:45:00,7.619,-94.792,8.593,9.657
2015/11/12 15:00:00,7.645,-94.792,8.593,9.657
2015/11/12 15:15:00,7.67,-94.792,8.593,9.657
2015/11/12 15:30:00,7.67,-94.792,8.593,9.657
2015/11/12 15:45:00,7.695,-94.792,8.593,9.657
2015/11/12 16:00:00,7.72,-94.792,8.568,9.657
2015/11/12 16:15:00,7.745,-94.792,8.568,9.632
2015/11/12 16:30:00,7.77,-94.792,8.568,9.657
2015/11/12 16:45:00,7.795,-94.792,8.568,9.632
2015/11/12 17:00:00,7.82,-94.792,8.568,9.632
2015/11/12 17:15:00,7.845,-94.792,8.568,9.632
2015/11/12 17:30:00,7.87,-94.792,8.543,9.632
2015/11/12 17:45:00,7.87,-94.792,8.568,9.632
2015/11/12 18:00:00,7.92,-94.792,8.568,9.632
2015/11/12 18:15:00,7.945,-94.792,8.543,9.608
2015/11/12 18:30:00,7.97,-94.792,8.543,9.608
2015/11/12 18:45:00,7.995,-94.792,8.543,9.632
2015/11/12 19:00:00,8.02,-94.792,8.543,9.608
2015/11/12 19:15:00,8.045,-94.792,8.543,9.608
2015/11/12 19:30:00,8.07,-94.792,8.543,9.608
2015/11/12 19:45:00,8.095,-94.792,8.543,9.608
2015/11/12 20:00:00,8.12,-94.792,8.543,9.608
2015/11/12 20:15:00,8.145,-94.792,8.568,9.608
2015/11/12 20:30:00,8.17,-94.792,8.543,9.608
2015/11/12 20:45:00,8.195,-94.792,8.543,9.608
2015/11/12 21:00:00,8.22,-94.792,8.543,9.608
2015/11/12 21:15:00,8.22,-94.792,8.543,9.608
2015/11/12 21:30:00,8.245,-94.792,8.543,9.583
2015/11/12 21:45:00,8.27,-94.792,8.543,9.583
2015/11/12 22:00:00,8.295,-94.792,8.568,9.583
2015/11/12 22:15:00,8.318999999999999,-94.792,8.568,9.583
2015/11/12 22:30:00,8.344,-94.792,8.568,9.583
2015/11/12 22:45:00,8.369,-94.792,8.568,9.583
2015/11/12 23:00:00,8.394,-94.792,8.568,9.583
2015/11/12 23:15:00,8.419,-94.792,8.568,9.583
2015/11/12 23:30:00,8.419,-94.792,8.568,9.583
2015/11/12 23:45:00,8.443999999999999,-94.792,8.568,9.583
2015/12/12 00:00:00,8.469,-94.792,8.593,9.583
2015/12/12 00:15:00,8.469,-94.792,8.568,9.583
2015/12/12 00:30:00,8.494,-94.792,8.593,9.583
2015/12/12 00:45:00,8.519,-94.792,8.593,9.583
2015/12/12 01:00:00,8.519,-94.792,8.593,9.583
2015/12/12 01:15:00,8.543,-94.792,8.593,9.583
2015/12/12 01:30:00,8.543,-94.792,8.593,9.583
2015/12/12 01:45:00,8.568,-94.792,8.618,9.583
2015/12/12 02:00:00,8.593,-94.792,8.618,9.583
2015/12/12 02:15:00,8.593,-94.792,8.618,9.583
2015/12/12 02:30:00,8.618,-94.792,8.618,9.583
2015/12/12 02:45:00,8.642999999999999,-94.792,8.618,9.583
2015/12/12 03:00:00,8.642999999999999,-94.792,8.642999999999999,9.583
2015/12/12 03:15:00,8.642999999999999,-94.792,8.642999999999999,9.583
2015/12/12 03:30:00,8.668,-94.792,8.642999999999999,9.583
2015/12/12 03:45:00,8.668,-94.792,8.642999999999999,9.583
2015/12/12 04:00:00,8.693,-94.792,8.642999999999999,9.583
2015/12/12 04:15:00,8.717,-94.792,8.642999999999999,9.583
2015/12/12 04:30:00,8.717,-94.792,8.642999999999999,9.583
2015/12/12 04:45:00,8.717,-94.792,8.668,9.583
2015/12/12 05:00:00,8.742,-94.792,8.668,9.583
2015/12/12 05:15:00,8.742,-94.792,8.668,9.608
2015/12/12 05:30:00,8.742,-94.792,8.668,9.583
2015/12/12 05:45:00,8.767000000000001,-94.792,8.693,9.583
2015/12/12 06:00:00,8.767000000000001,-94.792,8.693,9.608
2015/12/12 06:15:00,8.792,-94.792,8.693,9.583
2015/12/12 06:30:00,8.792,-94.792,8.693,9.608
2015/12/12 06:45:00,8.792,-94.792,8.717,9.608
2015/12/12 07:00:00,8.792,-94.792,8.717,9.608
2015/12/12 07:15:00,8.817,-94.792,8.717,9.608
2015/12/12 07:30:00,8.817,-94.792,8.717,9.608
2015/12/12 07:45:00,8.841000000000003,-94.792,8.717,9.608
2015/12/12 08:00:00,8.841000000000003,-94.792,8.717,9.608
2015/12/12 08:15:00,8.841000000000003,-94.792,8.742,9.608
2015/12/12 08:30:00,8.841000000000003,-94.792,8.742,9.608
2015/12/12 08:45:00,8.866,-94.792,8.742,9.608
2015/12/12 09:00:00,8.866,-94.792,8.742,9.608
2015/12/12 09:15:00,8.866,-94.792,8.742,9.608
2015/12/12 09:30:00,8.891,-94.792,8.767000000000001,9.632
2015/12/12 09:45:00,8.891,-94.792,8.767000000000001,9.632
2015/12/12 10:00:00,8.916,-94.792,8.767000000000001,9.632
2015/12/12 10:15:00,8.916,-94.792,8.767000000000001,9.632
2015/12/12 10:30:00,8.916,-94.792,8.767000000000001,9.632
2015/12/12 10:45:00,8.941,-94.792,8.792,9.632
2015/12/12 11:00:00,8.941,-94.792,8.792,9.632
2015/12/12 11:15:00,8.965,-94.792,8.792,9.632
2015/12/12 11:30:00,8.965,-94.792,8.817,9.632
2015/12/12 11:45:00,8.99,-94.792,8.817,9.657
2015/12/12 12:00:00,8.99,-94.792,8.817,9.657
2015/12/12 12:15:00,9.015,-94.792,8.817,9.657
2015/12/12 12:30:00,9.04,-94.792,8.817,9.657
2015/12/12 12:45:00,9.04,-94.792,8.841000000000003,9.657
2015/12/12 13:00:00,9.064,-94.792,8.841000000000003,9.657
2015/12/12 13:15:00,9.089,-94.792,8.841000000000003,9.657
2015/12/12 13:30:00,9.089,-94.792,8.841000000000003,9.657
2015/12/12 13:45:00,9.114,-94.792,8.841000000000003,9.657
2015/12/12 14:00:00,9.139,-94.792,8.841000000000003,9.657
2015/12/12 14:15:00,9.139,-94.792,8.866,9.682
2015/12/12 14:30:00,9.139,-94.792,8.866,9.682
2015/12/12 14:45:00,9.163,-94.792,8.866,9.682
2015/12/12 15:00:00,9.188,-94.792,8.866,9.682
2015/12/12 15:15:00,9.188,-94.792,8.866,9.682
2015/12/12 15:30:00,9.213,-94.792,8.866,9.682
2015/12/12 15:45:00,9.213,-94.792,8.891,9.682
2015/12/12 16:00:00,9.238,-94.792,8.891,9.682
2015/12/12 16:15:00,9.238,-94.792,8.891,9.706
2015/12/12 16:30:00,9.262,-94.792,8.891,9.682
2015/12/12 16:45:00,9.262,-94.792,8.916,9.706
2015/12/12 17:00:00,9.262,-94.792,8.916,9.706
2015/12/12 17:15:00,9.287,-94.792,8.916,9.706
2015/12/12 17:30:00,9.287,-94.792,8.916,9.706
2015/12/12 17:45:00,9.287,-94.792,8.916,9.706
2015/12/12 18:00:00,9.312,-94.792,8.941,9.706
2015/12/12 18:15:00,9.312,-94.792,8.941,9.706
2015/12/12 18:30:00,9.312,-94.792,8.941,9.706
2015/12/12 18:45:00,9.312,-94.792,8.941,9.706
2015/12/12 19:00:00,9.312,-94.792,8.965,9.706
2015/12/12 19:15:00,9.312,-94.792,8.965,9.731
2015/12/12 19:30:00,9.336,-94.792,8.965,9.731
2015/12/12 19:45:00,9.336,-94.792,8.965,9.731
2015/12/12 20:00:00,9.336,-94.792,8.99,9.731
2015/12/12 20:15:00,9.336,-94.792,8.99,9.731
2015/12/12 20:30:00,9.336,-94.792,8.99,9.731
2015/12/12 20:45:00,9.336,-94.792,9.015,9.731
2015/12/12 21:00:00,9.336,-94.792,9.015,9.731
2015/12/12 21:15:00,9.336,-94.792,9.015,9.731
2015/12/12 21:30:00,9.336,-94.792,9.015,9.756
2015/12/12 21:45:00,9.336,-94.792,9.015,9.756
2015/12/12 22:00:00,9.336,-94.792,9.04,9.756
2015/12/12 22:15:00,9.336,-94.792,9.015,9.756
2015/12/12 22:30:00,9.312,-94.792,9.04,9.756
2015/12/12 22:45:00,9.312,-94.792,9.04,9.756
2015/12/12 23:00:00,9.312,-94.792,9.04,9.756
2015/12/12 23:15:00,9.312,-94.792,9.04,9.756
2015/12/12 23:30:00,9.287,-94.792,9.04,9.756
2015/12/12 23:45:00,9.287,-94.792,9.064,9.756
12/13/15 00:00:00,9.262,-94.792,9.064,9.756
12/13/15 00:15:00,9.238,-94.792,9.064,9.78
12/13/15 00:30:00,9.238,-94.792,9.064,9.756
12/13/15 00:45:00,9.213,-94.792,9.064,9.78
12/13/15 01:00:00,9.188,-94.792,9.089,9.78
12/13/15 01:15:00,9.163,-94.792,9.089,9.78
12/13/15 01:30:00,9.139,-94.792,9.089,9.78
12/13/15 01:45:00,9.139,-94.792,9.089,9.78
12/13/15 02:00:00,9.114,-94.792,9.089,9.78
12/13/15 02:15:00,9.089,-94.792,9.089,9.78
12/13/15 02:30:00,9.089,-94.792,9.114,9.805
12/13/15 02:45:00,9.064,-94.792,9.114,9.805
12/13/15 03:00:00,9.04,-94.792,9.114,9.805
12/13/15 03:15:00,9.04,-94.792,9.114,9.805
12/13/15 03:30:00,9.015,-94.792,9.114,9.805
12/13/15 03:45:00,9.015,-94.792,9.114,9.805
12/13/15 04:00:00,9.015,-94.792,9.114,9.805
12/13/15 04:15:00,9.015,-94.792,9.114,9.805
12/13/15 04:30:00,8.99,-94.792,9.114,9.805
12/13/15 04:45:00,8.99,-94.792,9.114,9.805
12/13/15 05:00:00,8.99,-94.792,9.139,9.805
12/13/15 05:15:00,8.965,-94.792,9.114,9.805
12/13/15 05:30:00,8.965,-94.792,9.114,9.829
12/13/15 05:45:00,8.941,-94.792,9.114,9.829
12/13/15 06:00:00,8.941,-94.792,9.114,9.829
12/13/15 06:15:00,8.916,-94.792,9.114,9.829
12/13/15 06:30:00,8.916,-94.792,9.114,9.829
12/13/15 06:45:00,8.916,-94.792,9.114,9.829
12/13/15 07:00:00,8.891,-94.792,9.139,9.829
12/13/15 07:15:00,8.891,-94.792,9.114,9.829
12/13/15 07:30:00,8.891,-94.792,9.114,9.829
12/13/15 07:45:00,8.866,-94.792,9.114,9.829
12/13/15 08:00:00,8.866,-94.792,9.114,9.829
12/13/15 08:15:00,8.866,-94.792,9.114,9.829
12/13/15 08:30:00,8.841000000000003,-94.792,9.139,9.829
12/13/15 08:45:00,8.841000000000003,-94.792,9.114,9.829
12/13/15 09:00:00,8.841000000000003,-94.792,9.139,9.829
12/13/15 09:15:00,8.817,-94.792,9.114,9.829
12/13/15 09:30:00,8.817,-94.792,9.114,9.829
12/13/15 09:45:00,8.792,-94.792,9.114,9.829
12/13/15 10:00:00,8.792,-94.792,9.114,9.829
12/13/15 10:15:00,8.792,-94.792,9.114,9.829
12/13/15 10:30:00,8.792,-94.792,9.114,9.854
12/13/15 10:45:00,8.767000000000001,-94.792,9.114,9.854
12/13/15 11:00:00,8.767000000000001,-94.792,9.114,9.829
12/13/15 11:15:00,8.767000000000001,-94.792,9.114,9.829
12/13/15 11:30:00,8.767000000000001,-94.792,9.114,9.854
12/13/15 11:45:00,8.767000000000001,-94.792,9.114,9.829
12/13/15 12:00:00,8.767000000000001,-94.792,9.114,9.829
12/13/15 12:15:00,8.767000000000001,-94.792,9.114,9.829
12/13/15 12:30:00,8.767000000000001,-94.792,9.114,9.854
12/13/15 12:45:00,8.767000000000001,-94.792,9.114,9.854
12/13/15 13:00:00,8.767000000000001,-94.792,9.114,9.854
12/13/15 13:15:00,8.767000000000001,-94.792,9.114,9.854
12/13/15 13:30:00,8.767000000000001,-94.792,9.089,9.854
12/13/15 13:45:00,8.767000000000001,-94.792,9.089,9.854
12/13/15 14:00:00,8.767000000000001,-94.792,9.089,9.854
12/13/15 14:15:00,8.767000000000001,-94.792,9.089,9.854
12/13/15 14:30:00,8.767000000000001,-94.792,9.089,9.854
12/13/15 14:45:00,8.792,-94.792,9.089,9.854
12/13/15 15:00:00,8.792,-94.792,9.089,9.854
12/13/15 15:15:00,8.792,-94.792,9.089,9.854
12/13/15 15:30:00,8.792,-94.792,9.089,9.854
12/13/15 15:45:00,8.792,-94.792,9.089,9.854
12/13/15 16:00:00,8.792,-94.792,9.089,9.854
12/13/15 16:15:00,8.817,-94.792,9.089,9.854
12/13/15 16:30:00,8.817,-94.792,9.089,9.854
12/13/15 16:45:00,8.817,-94.792,9.089,9.854
12/13/15 17:00:00,8.817,-94.792,9.089,9.854
12/13/15 17:15:00,8.817,-94.792,9.089,9.854
12/13/15 17:30:00,8.841000000000003,-94.792,9.064,9.854
12/13/15 17:45:00,8.817,-94.792,9.064,9.854
12/13/15 18:00:00,8.841000000000003,-94.792,9.089,9.854
12/13/15 18:15:00,8.817,-94.792,9.064,9.854
12/13/15 18:30:00,8.817,-94.792,9.064,9.829
12/13/15 18:45:00,8.817,-94.792,9.064,9.829
12/13/15 19:00:00,8.817,-94.792,9.064,9.854
12/13/15 19:15:00,8.817,-94.792,9.064,9.854
12/13/15 19:30:00,8.817,-94.792,9.064,9.854
12/13/15 19:45:00,8.817,-94.792,9.064,9.829
12/13/15 20:00:00,8.817,-94.792,9.064,9.829
12/13/15 20:15:00,8.817,-94.792,9.064,9.829
12/13/15 20:30:00,8.817,-94.792,9.064,9.829
12/13/15 20:45:00,8.792,-94.792,9.064,9.829
12/13/15 21:00:00,8.792,-94.792,9.064,9.829
12/13/15 21:15:00,8.792,-94.792,9.064,9.829
12/13/15 21:30:00,8.792,-94.792,9.064,9.829
12/13/15 21:45:00,8.792,-94.792,9.064,9.829
12/13/15 22:00:00,8.767000000000001,-94.792,9.064,9.829
12/13/15 22:15:00,8.767000000000001,-94.792,9.064,9.829
12/13/15 22:30:00,8.767000000000001,-94.792,9.064,9.829
12/13/15 22:45:00,8.742,-94.792,9.064,9.829
12/13/15 23:00:00,8.742,-94.792,9.064,9.829
12/13/15 23:15:00,8.742,-94.792,9.064,9.829
12/13/15 23:30:00,8.742,-94.792,9.064,9.829
12/13/15 23:45:00,8.717,-94.792,9.064,9.829
12/14/15 00:00:00,8.717,-94.792,9.064,9.829
12/14/15 00:15:00,8.717,-94.792,9.064,9.829
12/14/15 00:30:00,8.693,-94.792,9.064,9.829
12/14/15 00:45:00,8.693,-94.792,9.064,9.829
12/14/15 01:00:00,8.668,-94.792,9.064,9.829
12/14/15 01:15:00,8.668,-94.792,9.064,9.829
12/14/15 01:30:00,8.668,-94.792,9.064,9.829
12/14/15 01:45:00,8.642999999999999,-94.792,9.064,9.829
12/14/15 02:00:00,8.642999999999999,-94.792,9.064,9.829
12/14/15 02:15:00,8.642999999999999,-94.792,9.064,9.829
12/14/15 02:30:00,8.618,-94.792,9.064,9.829
12/14/15 02:45:00,8.618,-94.792,9.064,9.829
12/14/15 03:00:00,8.593,-94.792,9.04,9.829
12/14/15 03:15:00,8.593,-94.792,9.04,9.829
12/14/15 03:30:00,8.593,-94.792,9.04,9.829
12/14/15 03:45:00,8.568,-94.792,9.04,9.829
12/14/15 04:00:00,8.568,-94.792,9.04,9.829
12/14/15 04:15:00,8.543,-94.792,9.04,9.829
12/14/15 04:30:00,8.519,-94.792,9.04,9.829
12/14/15 04:45:00,8.519,-94.792,9.04,9.829
12/14/15 05:00:00,8.494,-94.792,9.04,9.829
12/14/15 05:15:00,8.494,-94.792,9.04,9.805
12/14/15 05:30:00,8.469,-94.792,9.04,9.805
12/14/15 05:45:00,8.443999999999999,-94.792,9.015,9.805
12/14/15 06:00:00,8.419,-94.792,9.04,9.805
12/14/15 06:15:00,8.419,-94.792,9.015,9.805
12/14/15 06:30:00,8.419,-94.792,9.015,9.805
12/14/15 06:45:00,8.394,-94.792,9.015,9.805
12/14/15 07:00:00,8.369,-94.792,9.015,9.805
12/14/15 07:15:00,8.344,-94.792,9.015,9.805
12/14/15 07:30:00,8.344,-94.792,9.015,9.805
12/14/15 07:45:00,8.318999999999999,-94.792,9.015,9.805
12/14/15 08:00:00,8.295,-94.792,9.015,9.805
12/14/15 08:15:00,8.27,-94.792,9.015,9.805
12/14/15 08:30:00,8.27,-94.792,9.015,9.805
12/14/15 08:45:00,8.245,-94.792,9.015,9.805
12/14/15 09:00:00,8.22,-94.792,9.015,9.805
12/14/15 09:15:00,8.22,-94.792,8.99,9.805
12/14/15 09:30:00,8.195,-94.792,8.99,9.805
12/14/15 09:45:00,8.195,-94.792,8.99,9.805
12/14/15 10:00:00,8.17,-94.792,8.99,9.805
12/14/15 10:15:00,8.145,-94.792,8.99,9.805
12/14/15 10:30:00,8.145,-94.792,8.99,9.78
12/14/15 10:45:00,8.12,-94.792,8.965,9.78
12/14/15 11:00:00,8.12,-94.792,8.965,9.78
12/14/15 11:15:00,8.095,-94.792,8.965,9.78
12/14/15 11:30:00,8.07,-94.792,8.965,9.78
12/14/15 11:45:00,8.07,-94.792,8.965,9.78
12/14/15 12:00:00,8.045,-94.792,8.941,9.78
12/14/15 12:15:00,8.045,-94.792,8.941,9.78
12/14/15 12:30:00,8.045,-94.792,8.941,9.78
12/14/15 12:45:00,8.02,-94.792,8.941,9.78
12/14/15 13:00:00,8.02,-94.792,8.941,9.78
12/14/15 13:15:00,8.02,-94.792,8.941,9.78
12/14/15 13:30:00,8.02,-94.792,8.916,9.78
12/14/15 13:45:00,8.02,-94.792,8.916,9.78
12/14/15 14:00:00,8.045,-94.792,8.916,9.78
12/14/15 14:15:00,8.045,-94.792,8.916,9.78
12/14/15 14:30:00,8.045,-94.792,8.916,9.756
12/14/15 14:45:00,8.07,-94.792,8.891,9.756
12/14/15 15:00:00,8.07,-94.792,8.891,9.756
12/14/15 15:15:00,8.07,-94.792,8.891,9.78
12/14/15 15:30:00,8.095,-94.792,8.891,9.756
12/14/15 15:45:00,8.095,-94.792,8.891,9.756
12/14/15 16:00:00,8.095,-94.792,8.866,9.756
12/14/15 16:15:00,8.12,-94.792,8.866,9.756
12/14/15 16:30:00,8.12,-94.792,8.866,9.756
12/14/15 16:45:00,8.145,-94.792,8.866,9.756
12/14/15 17:00:00,8.145,-94.792,8.866,9.756
12/14/15 17:15:00,8.145,-94.792,8.866,9.731
12/14/15 17:30:00,8.145,-94.792,8.866,9.731
12/14/15 17:45:00,8.145,-94.792,8.841000000000003,9.731
12/14/15 18:00:00,8.17,-94.792,8.841000000000003,9.731
12/14/15 18:15:00,8.145,-94.792,8.841000000000003,9.731
12/14/15 18:30:00,8.145,-94.792,8.841000000000003,9.731
12/14/15 18:45:00,8.17,-94.792,8.841000000000003,9.731
12/14/15 19:00:00,8.145,-94.792,8.841000000000003,9.731
12/14/15 19:15:00,8.145,-94.792,8.817,9.706
12/14/15 19:30:00,8.145,-94.792,8.841000000000003,9.731
12/14/15 19:45:00,8.145,-94.792,8.817,9.706
12/14/15 20:00:00,8.145,-94.792,8.817,9.706
12/14/15 20:15:00,8.12,-94.792,8.817,9.706
12/14/15 20:30:00,8.12,-94.792,8.817,9.706
12/14/15 20:45:00,8.12,-94.792,8.817,9.706
12/14/15 21:00:00,8.12,-94.792,8.817,9.706
12/14/15 21:15:00,8.12,-94.792,8.792,9.706
12/14/15 21:30:00,8.095,-94.792,8.817,9.706
12/14/15 21:45:00,8.095,-94.792,8.792,9.682
12/14/15 22:00:00,8.095,-94.792,8.792,9.682
12/14/15 22:15:00,8.095,-94.792,8.792,9.682
12/14/15 22:30:00,8.095,-94.792,8.792,9.682
12/14/15 22:45:00,8.095,-94.792,8.792,9.682
12/14/15 23:00:00,8.095,-94.792,8.792,9.682
12/14/15 23:15:00,8.095,-94.792,8.792,9.682
12/14/15 23:30:00,8.095,-94.792,8.792,9.682
12/14/15 23:45:00,8.095,-94.792,8.792,9.682
12/15/15 00:00:00,8.07,-94.792,8.767000000000001,9.682
12/15/15 00:15:00,8.07,-94.792,8.767000000000001,9.682
12/15/15 00:30:00,8.07,-94.792,8.767000000000001,9.682
12/15/15 00:45:00,8.07,-94.792,8.767000000000001,9.657
12/15/15 01:00:00,8.07,-94.792,8.767000000000001,9.657
12/15/15 01:15:00,8.045,-94.792,8.767000000000001,9.657
12/15/15 01:30:00,8.045,-94.792,8.767000000000001,9.657
12/15/15 01:45:00,8.02,-94.792,8.767000000000001,9.657
12/15/15 02:00:00,8.02,-94.792,8.767000000000001,9.657
12/15/15 02:15:00,8.02,-94.792,8.767000000000001,9.657
12/15/15 02:30:00,8.02,-94.792,8.742,9.657
12/15/15 02:45:00,7.995,-94.792,8.742,9.657
12/15/15 03:00:00,7.995,-94.792,8.742,9.657
12/15/15 03:15:00,7.995,-94.792,8.742,9.657
12/15/15 03:30:00,7.97,-94.792,8.742,9.632
12/15/15 03:45:00,7.97,-94.792,8.742,9.657
12/15/15 04:00:00,7.97,-94.792,8.742,9.632
12/15/15 04:15:00,7.945,-94.792,8.742,9.632
12/15/15 04:30:00,7.945,-94.792,8.742,9.632
12/15/15 04:45:00,7.945,-94.792,8.742,9.632
12/15/15 05:00:00,7.945,-94.792,8.717,9.632
12/15/15 05:15:00,7.945,-94.792,8.717,9.632
12/15/15 05:30:00,7.945,-94.792,8.717,9.632
12/15/15 05:45:00,7.945,-94.792,8.717,9.632
12/15/15 06:00:00,7.92,-94.792,8.717,9.608
12/15/15 06:15:00,7.92,-94.792,8.717,9.632
12/15/15 06:30:00,7.92,-94.792,8.717,9.608
12/15/15 06:45:00,7.92,-94.792,8.717,9.608
12/15/15 07:00:00,7.92,-94.792,8.717,9.608
12/15/15 07:15:00,7.895,-94.792,8.693,9.608
12/15/15 07:30:00,7.895,-94.792,8.693,9.608
12/15/15 07:45:00,7.895,-94.792,8.693,9.608
12/15/15 08:00:00,7.895,-94.792,8.693,9.608
12/15/15 08:15:00,7.895,-94.792,8.693,9.608
12/15/15 08:30:00,7.895,-94.792,8.693,9.608
12/15/15 08:45:00,7.895,-94.792,8.693,9.608
12/15/15 09:00:00,7.895,-94.792,8.693,9.583
12/15/15 09:15:00,7.895,-94.792,8.693,9.608
12/15/15 09:30:00,7.895,-94.792,8.668,9.583
12/15/15 09:45:00,7.895,-94.792,8.668,9.583
12/15/15 10:00:00,7.895,-94.792,8.668,9.583
12/15/15 10:15:00,7.895,-94.792,8.668,9.583
12/15/15 10:30:00,7.895,-94.792,8.642999999999999,9.583
12/15/15 10:45:00,7.92,-94.792,8.668,9.583
12/15/15 11:00:00,8.17,-94.792,7.645,8.792
12/15/15 11:15:00,8.07,-94.792,7.695,8.668
12/15/15 11:30:00,7.845,-94.792,7.97,9.213
12/15/15 11:45:00,8.344,-94.792,8.27,9.805
12/15/15 12:00:00,8.891,-94.792,9.608,12.413
12/15/15 12:15:00,9.682,-94.792,10.149,11.807
12/15/15 12:20:10,,,,
12/15/15 12:20:20,,,,
